<?xml version="1.0" encoding="UTF-8"?>
<project-private xmlns="http://www.netbeans.org/ns/project-private/1">
    <editor-bookmarks xmlns="http://www.netbeans.org/ns/editor-bookmarks/1"/>
    <editor-bookmarks xmlns="http://www.netbeans.org/ns/editor-bookmarks/2" lastBookmarkId="0"/>
    <open-files xmlns="http://www.netbeans.org/ns/projectui-open-files/2">
        <group>
            <file>file:/F:/IES%20Punta%202023_2024/entorno%20de%20desarrollo/refactorizacion/Ejemplo_Explicativo_TAREA_4/Coche/src/coche/Main.java</file>
            <file>file:/F:/IES%20Punta%202023_2024/entorno%20de%20desarrollo/refactorizacion/Ejemplo_Explicativo_TAREA_4/Coche/src/coche/Coche.java</file>
            <file>file:/F:/IES%20Punta%202023_2024/entorno%20de%20desarrollo/refactorizacion/Ejemplo_Explicativo_TAREA_4/Coche/test/coche/CocheTest.java</file>
        </group>
    </open-files>
</project-private>
